sex,age_at_start,previous,last,prediction,period
male,16,Employed,Employed,0.017763111979802983,T1
male,16,Employed,Unemployed,0.09823341599105312,T1
male,16,Employed,Inactive,0.396479951825512,T1
male,16,Unemployed,Employed,0.029585952667776673,T1
male,16,Unemployed,Unemployed,0.15515561605282946,T1
male,16,Unemployed,Inactive,0.5255107348126131,T1
male,16,Inactive,Employed,0.07501057982946667,T1
male,16,Inactive,Unemployed,0.3281743497170594,T1
male,16,Inactive,Inactive,0.7465699840467287,T1
male,17,Employed,Employed,0.01697500219107392,T1
male,17,Employed,Unemployed,0.0942174845883145,T1
male,17,Employed,Inactive,0.3854833630850143,T1
male,17,Unemployed,Employed,0.02828839683880558,T1
male,17,Unemployed,Unemployed,0.1491976325554444,T1
male,17,Unemployed,Inactive,0.5139832125776093,T1
male,17,Inactive,Employed,0.07186836986012375,T1
male,17,Inactive,Unemployed,0.31807379750924125,T1
male,17,Inactive,Inactive,0.7377327218516817,T1
male,18,Employed,Employed,0.016277160347940196,T1
male,18,Employed,Unemployed,0.09063698850275037,T1
male,18,Employed,Inactive,0.375421766581718,T1
male,18,Unemployed,Employed,0.027138301471313797,T1
male,18,Unemployed,Unemployed,0.14385959854365413,T1
male,18,Unemployed,Inactive,0.5033146804071539,T1
male,18,Inactive,Employed,0.0690724282326996,T1
male,18,Inactive,Unemployed,0.3088872738712954,T1
male,18,Inactive,Inactive,0.7293898109752004,T1
male,19,Employed,Employed,0.01566134949676466,T1
male,19,Employed,Unemployed,0.08745804752880623,T1
male,19,Employed,Inactive,0.3662776312875513,T1
male,19,Unemployed,Employed,0.026122494580528535,T1
male,19,Unemployed,Unemployed,0.13909949980372116,T1
male,19,Unemployed,Inactive,0.4935168767128525,T1
male,19,Inactive,Employed,0.06659443985707332,T1
male,19,Inactive,Unemployed,0.30058379928417944,T1
male,19,Inactive,Inactive,0.7215847394770444,T1
male,20,Employed,Employed,0.015120448249383196,T1
male,20,Employed,Unemployed,0.08465072506720449,T1
male,20,Employed,Inactive,0.35803189330335455,T1
male,20,Unemployed,Employed,0.025229553749375334,T1
male,20,Unemployed,Unemployed,0.1348795447041264,T1
male,20,Unemployed,Inactive,0.48459708819737574,T1
male,20,Inactive,Employed,0.06440955059060838,T1
male,20,Inactive,Unemployed,0.2931328943452915,T1
male,20,Inactive,Inactive,0.7143567589636409,T1
male,21,Employed,Employed,0.014648321219509918,T1
male,21,Employed,Unemployed,0.08218873097664207,T1
male,21,Employed,Inactive,0.3506648441077005,T1
male,21,Unemployed,Employed,0.024449611919514936,T1
male,21,Unemployed,Unemployed,0.13116602420983287,T1
male,21,Unemployed,Inactive,0.47655902428236624,T1
male,21,Inactive,Employed,0.06249606009871712,T1
male,21,Inactive,Unemployed,0.28650526415617616,T1
male,21,Inactive,Inactive,0.7077409015512766,T1
male,22,Employed,Employed,0.014239708818067466,T1
male,22,Employed,Unemployed,0.08004914732991547,T1
male,22,Employed,Inactive,0.3441568888610311,T1
male,22,Unemployed,Employed,0.02377419081907836,T1
male,22,Unemployed,Unemployed,0.12792915246055397,T1
male,22,Unemployed,Inactive,0.46940363381591255,T1
male,22,Inactive,Employed,0.06083514727154528,T1
male,22,Inactive,Unemployed,0.2806733499651698,T1
male,22,Inactive,Inactive,0.7017680624779455,T1
male,23,Employed,Employed,0.01389013395357661,T1
male,23,Employed,Unemployed,0.07821217987983561,T1
male,23,Employed,Inactive,0.33848918432739156,T1
male,23,Unemployed,Employed,0.02319605892004889,T1
male,23,Unemployed,Unemployed,0.12514290023343158,T1
male,23,Unemployed,Inactive,0.4631298508633995,T1
male,23,Inactive,Employed,0.05941062771303771,T1
male,23,Inactive,Unemployed,0.2756117671092862,T1
male,23,Inactive,Inactive,0.6964651315223329,T1
male,24,Employed,Employed,0.013595823557777813,T1
male,24,Employed,Unemployed,0.07666093676742745,T1
male,24,Employed,Inactive,0.3336441677661552,T1
male,24,Unemployed,Employed,0.02270911121936726,T1
male,24,Unemployed,Unemployed,0.12278483065635823,T1
male,24,Unemployed,Inactive,0.4577352613297033,T1
male,24,Inactive,Employed,0.05820874230604803,T1
male,24,Inactive,Unemployed,0.2712976473822401,T1
male,24,Inactive,Inactive,0.691855156747056,T1
male,25,Employed,Employed,0.013353643188058676,T1
male,25,Employed,Unemployed,0.07538123512779303,T1
male,25,Employed,Inactive,0.32960598877457153,T1
male,25,Unemployed,Employed,0.022308268517286105,T1
male,25,Unemployed,Unemployed,0.12083594418477718,T1
male,25,Unemployed,Inactive,0.45321668603369825,T1
male,25,Inactive,Employed,0.05721797558489088,T1
male,25,Inactive,Unemployed,0.2677109024157453,T1
male,25,Inactive,Inactive,0.6879575250581104,T1
male,26,Employed,Employed,0.013161043252054173,T1
male,26,Employed,Unemployed,0.0743614356750727,T1
male,26,Employed,Inactive,0.3263608558194373,T1
male,26,Unemployed,Employed,0.021989394221073724,T1
male,26,Unemployed,Unemployed,0.11928053801009447,T1
male,26,Unemployed,Inactive,0.4495706787083226,T1
male,26,Inactive,Employed,0.056428902548996594,T1
male,26,Inactive,Unemployed,0.2648344227571203,T1
male,26,Inactive,Inactive,0.6847881454969097,T1
male,27,Employed,Employed,0.013016015661144655,T1
male,27,Employed,Unemployed,0.07359230500325183,T1
male,27,Employed,Inactive,0.3238973083259311,T1
male,27,Unemployed,Employed,0.021749227031500125,T1
male,27,Unemployed,Unemployed,0.11810608364335688,T1
male,27,Unemployed,Inactive,0.44679393933235456,T1
male,27,Inactive,Employed,0.05583406257852364,T1
male,27,Inactive,Unemployed,0.2626542252422613,T1
male,27,Inactive,Inactive,0.6823596229075753,T1
male,28,Employed,Employed,0.012917059953595515,T1
male,28,Employed,Unemployed,0.07306690516583494,T1
male,28,Employed,Inactive,0.32220642388723175,T1
male,28,Unemployed,Employed,0.021585328175127476,T1
male,28,Unemployed,Unemployed,0.11730312533245892,T1
male,28,Unemployed,Inactive,0.44488364434239874,T1
male,28,Inactive,Employed,0.055427859228021736,T1
male,28,Inactive,Unemployed,0.2611595591224026,T1
male,28,Inactive,Inactive,0.6806814115291548,T1
male,29,Employed,Employed,0.012863158139673873,T1
male,29,Employed,Unemployed,0.07278051004904584,T1
male,29,Employed,Inactive,0.32128196856694174,T1
male,29,Unemployed,Employed,0.02149604212996717,T1
male,29,Unemployed,Unemployed,0.11686520115247886,T1
male,29,Unemployed,Inactive,0.44383769576482524,T1
male,29,Inactive,Employed,0.05520648485039463,T1
male,29,Inactive,Unemployed,0.26034297928026245,T1
male,29,Inactive,Inactive,0.6797599400592571,T1
male,30,Employed,Employed,0.012853757714925787,T1
male,30,Employed,Unemployed,0.07273054809460633,T1
male,30,Employed,Inactive,0.3211204964940345,T1
male,30,Unemployed,Employed,0.021480470059001118,T1
male,30,Unemployed,Unemployed,0.1167887879931396,T1
male,30,Unemployed,Inactive,0.4436548912866381,T1
male,30,Inactive,Employed,0.05516786922073413,T1
male,30,Inactive,Unemployed,0.26020039280332696,T1
male,30,Inactive,Inactive,0.6795987017610554,T1
male,31,Employed,Employed,0.012888762468359852,T1
male,31,Employed,Unemployed,0.07291657103130803,T1
male,31,Employed,Inactive,0.321721403070594,T1
male,31,Unemployed,Employed,0.021538455419286024,T1
male,31,Unemployed,Unemployed,0.11707327119888405,T1
male,31,Unemployed,Inactive,0.44433501688444094,T1
male,31,Inactive,Employed,0.055311651573734064,T1
male,31,Inactive,Unemployed,0.26073108317897176,T1
male,31,Inactive,Inactive,0.6801983052053783,T1
male,32,Employed,Employed,0.012968530883827696,T1
male,32,Employed,Unemployed,0.07334024841702504,T1
male,32,Employed,Inactive,0.3230869341746423,T1
male,32,Unemployed,Employed,0.021670581458018937,T1
male,32,Unemployed,Unemployed,0.11772093924587294,T1
male,32,Unemployed,Inactive,0.4458788629766078,T1
male,32,Inactive,Employed,0.05563917572880279,T1
male,32,Inactive,Unemployed,0.26193771442856434,T1
male,32,Inactive,Inactive,0.6815564832412226,T1
male,33,Employed,Employed,0.013093882099539869,T1
male,33,Employed,Unemployed,0.07400538795566465,T1
male,33,Employed,Inactive,0.32522215177555175,T1
male,33,Unemployed,Employed,0.021878180545325757,T1
male,33,Unemployed,Unemployed,0.11873700352096142,T1
male,33,Unemployed,Inactive,0.4482881642730033,T1
male,33,Inactive,Employed,0.056153508245575995,T1
male,33,Inactive,Unemployed,0.26382631558415814,T1
male,33,Inactive,Inactive,0.6836680597746636,T1
male,34,Employed,Employed,0.013266109556452306,T1
male,34,Employed,Unemployed,0.07491798171989063,T1
male,34,Employed,Inactive,0.32813485441042656,T1
male,34,Unemployed,Employed,0.02216335553099368,T1
male,34,Unemployed,Unemployed,0.12012964295743901,T1
male,34,Unemployed,Inactive,0.45156546268212894,T1
male,34,Inactive,Employed,0.05685947982249425,T1
male,34,Inactive,Unemployed,0.26640624400406754,T1
male,34,Inactive,Inactive,0.68652487591979094,T1
male,35,Employed,Employed,0.013487002635230812,T1
male,35,Employed,Unemployed,0.07608627856369206,T1
male,35,Employed,Inactive,0.33183544901733547,T1
male,35,Unemployed,Employed,0.02252901355326396,T1
male,35,Unemployed,Unemployed,0.1219100729384932,T1
male,35,Unemployed,Inactive,0.45571389190957917,T1
male,35,Inactive,Employed,0.05776375041587063,T1
male,35,Inactive,Unemployed,0.2696901240935848,T1
male,35,Inactive,Inactive,0.6901156790795099,T1
male,36,Employed,Employed,0.013758876757731173,T1
male,36,Employed,Unemployed,0.07752088313116655,T1
male,36,Employed,Inactive,0.3363367687122557,T1
male,36,Unemployed,Employed,0.022978912976454345,T1
male,36,Unemployed,Unemployed,0.12409263745786946,T1
male,36,Unemployed,Inactive,0.4607368818593762,T1
male,36,Inactive,Employed,0.058874898809022656,T1
male,36,Inactive,Unemployed,0.27369375601954793,T1
male,36,Inactive,Inactive,0.6944259805265843,T1
male,37,Employed,Employed,0.014084612616618785,T1
male,37,Employed,Unemployed,0.07923488193850782,T1
male,37,Employed,Inactive,0.341653829271531,T1
male,37,Unemployed,Employed,0.02351772439481095,T1
male,37,Unemployed,Unemployed,0.12669492298036167,T1
male,37,Unemployed,Inactive,0.4666377807526129,T1
male,37,Inactive,Employed,0.060203537591225806,T1
male,37,Inactive,Unemployed,0.27843598696715627,T1
male,37,Inactive,Inactive,0.6994378890811476,T1
male,38,Employed,Employed,0.014467705400266899,T1
male,38,Employed,Unemployed,0.08124399699970997,T1
male,38,Employed,Inactive,0.3478035154025701,T1
male,38,Unemployed,Employed,0.024151106916618485,T1
male,38,Unemployed,Unemployed,0.12973789171943798,T1
male,38,Unemployed,Inactive,0.47341939313541315,T1
male,38,Inactive,Employed,0.061762454701903356,T1
male,38,Inactive,Unemployed,0.28393853538516206,T1
male,38,Inactive,Inactive,0.7051299304956739,T1
male,39,Employed,Employed,0.014912325104001369,T1
male,39,Employed,Unemployed,0.08356676735082488,T1
male,39,Employed,Inactive,0.35480418644397055,T1
male,39,Unemployed,Employed,0.02488580123888727,T1
male,39,Unemployed,Unemployed,0.13324603108525424,T1
male,39,Unemployed,Inactive,0.4810834327974854,T1
male,39,Inactive,Employed,0.0635667828393519,T1
male,39,Inactive,Unemployed,0.29022575652578625,T1
male,39,Inactive,Inactive,0.7114768641128049,T1
male,40,Employed,Employed,0.015423389267920796,T1
male,40,Employed,Unemployed,0.08622475856167834,T1
male,40,Employed,Inactive,0.3626751900612107,T1
male,40,Unemployed,Employed,0.0257297413419425,T1
male,40,Unemployed,Unemployed,0.13724751478491426,T1
male,40,Unemployed,Inactive,0.4896298912038181,T1
male,40,Inactive,Employed,0.06563419810168014,T1
male,40,Inactive,Unemployed,0.29732433546578646,T1
male,40,Inactive,Inactive,0.7184495101773586,T1
male,41,Employed,Employed,0.016006649760939736,T1
male,41,Employed,Unemployed,0.08924279985519648,T1
male,41,Employed,Inactive,0.3714362719687384,T1
male,41,Unemployed,Employed,0.02669218697703902,T1
male,41,Unemployed,Unemployed,0.14177436940062385,T1
male,41,Unemployed,Inactive,0.49905632449035836,T1
male,41,Inactive,Employed,0.06798514918808271,T1
male,41,Inactive,Unemployed,0.30526289179610044,T1
male,41,Inactive,Inactive,0.7260146027527951,T1
male,42,Employed,Employed,0.016668795545539836,T1
male,42,Employed,Unemployed,0.092649247715994,T1
male,42,Employed,Inactive,0.38110686993580395,T1
male,42,Unemployed,Employed,0.02778387948923385,T1
male,42,Unemployed,Unemployed,0.14686263814468864,T1
male,42,Unemployed,Inactive,0.5093570655052957,T1
male,42,Inactive,Employed,0.0706431182972639,T1
male,42,Inactive,Unemployed,0.31407147844637906,T1
male,42,Inactive,Inactive,0.7341346843772443,T1
male,43,Employed,Employed,0.017417573713093604,T1
male,43,Employed,Unemployed,0.09647627377731481,T1
male,43,Employed,Inactive,0.39170528159304635,T1
male,43,Unemployed,Employed,0.029017223910314072,T1
male,43,Unemployed,Unemployed,0.15255253080191153,T1
male,43,Unemployed,Inactive,0.5205223718661249,T1
male,43,Inactive,Employed,0.07363491445829971,T1
male,43,Inactive,Unemployed,0.3237809558929276,T1
male,43,Inactive,Inactive,0.742768059234993,T1
male,44,Employed,Employed,0.01826193148034559,T1
male,44,Employed,Unemployed,0.10076017322416567,T1
male,44,Employed,Inactive,0.4032476981635579,T1
male,44,Unemployed,Employed,0.030406500667179728,T1
male,44,Unemployed,Unemployed,0.15888854552875253,T1
male,44,Unemployed,Inactive,0.5325375265569643,T1
male,44,Inactive,Employed,0.07699099934050654,T1
male,44,Inactive,Unemployed,0.3344222225893421,T1
male,44,Inactive,Inactive,0.7518688215442952,T1
male,45,Employed,Employed,0.019212182287686577,T1
male,45,Employed,Unemployed,0.105541687813122,T1
male,45,Employed,Inactive,0.4157471005352556,T1
male,45,Unemployed,Employed,0.03196811066906327,T1
male,45,Unemployed,Unemployed,0.16591954410357615,T1
male,45,Unemployed,Inactive,0.5453819141186629,T1
male,45,Inactive,Employed,0.0807458445131014,T1
male,45,Inactive,Unemployed,0.3460252832506678,T1
male,45,Inactive,Inactive,0.7613869749038424,T1
male,46,Employed,Employed,0.020280199641664328,T1
male,46,Employed,Unemployed,0.11086633473446761,T1
male,46,Employed,Inactive,0.42921202040428275,T1
male,46,Unemployed,Employed,0.033720857944094726,T1
male,46,Unemployed,Unemployed,0.17369875735863102,T1
male,46,Unemployed,Inactive,0.5590281027586375,T1
male,46,Inactive,Employed,0.08493831753507607,T1
male,46,Inactive,Unemployed,0.3586181390921778,T1
male,46,Inactive,Inactive,0.7712686563556675,T1
male,47,Employed,Employed,0.021479642897462996,T1
male,47,Employed,Unemployed,0.11678472875615147,T1
male,47,Employed,Inactive,0.44364517782975493,T1
male,47,Unemployed,Employed,0.035686274362961866,T1
male,47,Unemployed,Unemployed,0.18228369186798507,T1
male,47,Unemployed,Inactive,0.5734409703317939,T1
male,47,Inactive,Employed,0.08961209199096283,T1
male,47,Inactive,Unemployed,0.3722254888210566,T1
male,47,Inactive,Inactive,0.781456475818665,T1
male,48,Employed,Employed,0.022826219777180155,T1
male,48,Employed,Unemployed,0.12335288020082821,T1
male,48,Employed,Inactive,0.45904201760090724,T1
male,48,Unemployed,Employed,0.037888991270559925,T1
male,48,Unemployed,Unemployed,0.19173590259824677,T1
male,48,Unemployed,Inactive,0.5885769195289327,T1
male,48,Inactive,Employed,0.0948160734532322,T1
male,48,Inactive,Unemployed,0.3868672366847225,T1
male,48,Inactive,Inactive,0.7918899773064858,T1
male,49,Employed,Employed,0.02433799105509818,T1
male,49,Employed,Unemployed,0.130632445122521,T1
male,49,Employed,Inactive,0.4753891802655353,T1
male,49,Unemployed,Employed,0.04035716298031781,T1
male,49,Unemployed,Unemployed,0.20212058936615945,T1
male,49,Unemployed,Inactive,0.6043832339671472,T1
male,49,Inactive,Employed,0.10060482911374224,T1
male,49,Inactive,Unemployed,0.40255681474128774,T1
male,49,Inactive,Inactive,0.8025062230469443,T1
male,50,Employed,Employed,0.02603572348984881,T1
male,50,Employed,Unemployed,0.13869089639389498,T1
male,50,Employed,Inactive,0.49266295912047064,T1
male,50,Unemployed,Employed,0.04312294697626548,T1
male,50,Unemployed,Unemployed,0.21350596800054855,T1
male,50,Unemployed,Inactive,0.6207976312469056,T1
male,50,Inactive,Employed,0.10703900321772926,T1
male,50,Inactive,Unemployed,0.4192993411475078,T1
male,50,Inactive,Inactive,0.8132404954627808,T1
male,51,Employed,Employed,0.027943297708059055,T1
male,51,Employed,Unemployed,0.14760157517459901,T1
male,51,Employed,Inactive,0.5108278111113538,T1
male,51,Unemployed,Employed,0.04622304518196765,T1
male,51,Unemployed,Unemployed,0.22596236075781342,T1
male,51,Unemployed,Inactive,0.6377480703534926,T1
male,51,Inactive,Employed,0.11418569316456482,T1
male,51,Inactive,Unemployed,0.4370896547905258,T1
male,51,Inactive,Inactive,0.8240271052715434,T1
male,52,Employed,Employed,0.030088178285001717,T1
male,52,Employed,Unemployed,0.15744357141370754,T1
male,52,Employed,Inactive,0.5298350061086691,T1
male,52,Unemployed,Employed,0.0496993096087552,T1
male,52,Unemployed,Unemployed,0.23956094582534102,T1
male,52,Unemployed,Inactive,0.6551528679705726,T1
male,52,Inactive,Employed,0.12211875192270435,T1
male,52,Inactive,Unemployed,0.4559102886983094,T1
male,52,Inactive,Inactive,0.834800287141799,T1
male,53,Employed,Employed,0.032501953633199236,T1
male,53,Employed,Unemployed,0.16830136986609331,T1
male,53,Employed,Inactive,0.5496215135517454,T1
male,53,Unemployed,Employed,0.053599413836740536,T1
male,53,Unemployed,Unemployed,0.2543721041309479,T1
male,53,Unemployed,Inactive,0.6729211704363531,T1
male,53,Inactive,Employed,0.13091897100282704,T1
male,53,Inactive,Unemployed,0.4757294693743817,T1
male,53,Inactive,Inactive,0.8454951579136998,T1
male,54,Employed,Employed,0.03522095336305628,T1
male,54,Employed,Unemployed,0.18026418513286652,T1
male,54,Employed,Inactive,0.5701092356219647,T1
male,54,Unemployed,Employed,0.05797758877420767,T1
male,54,Unemployed,Unemployed,0.2704633051024743,T1
male,54,Unemployed,Inactive,0.6909538146559107,T1
male,54,Inactive,Employed,0.14067408452768743,T1
male,54,Inactive,Unemployed,0.4964992547087041,T1
male,54,Inactive,Inactive,0.8560487069033492,T1
male,55,Employed,Employed,0.0382869503213154,T1
male,55,Employed,Unemployed,0.1934248965285285,T1
male,55,Employed,Inactive,0.5912046992483381,T1
male,55,Unemployed,Employed,0.06289541654252559,T1
male,55,Unemployed,Unemployed,0.28789648389606537,T1
male,55,Unemployed,Inactive,0.7091445922845154,T1
male,55,Inactive,Employed,0.15147851905425158,T1
male,55,Inactive,Unemployed,0.5181539466723032,T1
male,55,Inactive,Inactive,0.8664007837938092,T1
male,56,Employed,Employed,0.041747953259582755,T1
male,56,Employed,Unemployed,0.20787848288091523,T1
male,56,Employed,Inactive,0.6127993127073904,T1
male,56,Unemployed,Employed,0.0684226695795022,T1
male,56,Unemployed,Unemployed,0.30672488367029294,T1
male,56,Unemployed,Inactive,0.727381907629917,T1
male,56,Inactive,Employed,0.16343279627612153,T1
male,56,Inactive,Unemployed,0.5406089329556001,T1
male,56,Inactive,Inactive,0.8764950475205141,T1
male,57,Employed,Employed,0.04565909363960827,T1
male,57,Employed,Unemployed,0.2237198513201579,T1
male,57,Employed,Inactive,0.6347702741892474,T1
male,57,Unemployed,Employed,0.07463817244243505,T1
male,57,Unemployed,Unemployed,0.32698937047936333,T1
male,57,Unemployed,Inactive,0.7455507925026497,T1
male,57,Inactive,Employed,0.17664247773058828,T1
male,57,Inactive,Unemployed,0.5637601197482638,T1
male,57,Inactive,Inactive,0.886279839691775,T1
male,58,Employed,Employed,0.05008360590097968,T1
male,58,Employed,Unemployed,0.24104095638786335,T1
male,58,Employed,Inactive,0.656982188355463,T1
male,58,Unemployed,Employed,0.08163065048713984,T1
male,58,Unemployed,Unemployed,0.3487142775085611,T1
male,58,Unemployed,Inactive,0.7635352129540978,T1
male,58,Inactive,Employed,0.19121652424266378,T1
male,58,Inactive,Unemployed,0.5874841115335102,T1
male,58,Inactive,Inactive,0.895708948560809,T1
male,59,Employed,Employed,0.05509389387246608,T1
male,59,Employed,Unemployed,0.2599271211466736,T1
male,59,Employed,Inactive,0.6792894031260975,T1
male,59,Unemployed,Employed,0.08949951166282664,T1
male,59,Unemployed,Unemployed,0.3719029005240325,T1
male,59,Unemployed,Inactive,0.7812205763408995,T1
male,59,Inactive,Employed,0.20726493138009539,T1
male,59,Inactive,Unemployed,0.6116392692967257,T1
male,59,Inactive,Inactive,0.904742234280847,T1
male,60,Employed,Employed,0.06077266595066827,T1
male,60,Employed,Unemployed,0.28045250598872573,T1
male,60,Employed,Inactive,0.7015390252558263,T1
male,60,Unemployed,Employed,0.09835548413949304,T1
male,60,Unemployed,Unemployed,0.39653284594442995,T1
male,60,Unemployed,Inactive,0.7984963255378569,T1
male,60,Inactive,Employed,0.2248955005091607,T1
male,60,Inactive,Unemployed,0.6360677338067894,T1
male,60,Inactive,Inactive,0.9133460928087057,T1
female,16,Employed,Employed,0.032888924650685554,T1
female,16,Employed,Unemployed,0.17002104869861295,T1
female,16,Employed,Inactive,0.5526484637313273,T1
female,16,Unemployed,Employed,0.054223495147998686,T1
female,16,Unemployed,Unemployed,0.2566998006003278,T1
female,16,Unemployed,Inactive,0.6756085327948432,T1
female,16,Inactive,Employed,0.13231745036764195,T1
female,16,Inactive,Unemployed,0.478782084180366,T1
female,16,Inactive,Inactive,0.8470868119821789,T1
female,17,Employed,Employed,0.0314512047463261,T1
female,17,Employed,Unemployed,0.16360277281065008,T1
female,17,Employed,Inactive,0.541204641875925,T1
female,17,Unemployed,Employed,0.051903199662152545,T1
female,17,Unemployed,Unemployed,0.2479870769084115,T1
female,17,Unemployed,Inactive,0.6654057969025763,T1
female,17,Inactive,Employed,0.12710451334787007,T1
female,17,Inactive,Unemployed,0.46727015728217863,T1
female,17,Inactive,Inactive,0.8410081806305509,T1
female,18,Employed,Employed,0.03017651528524404,T1
female,18,Employed,Unemployed,0.15784496556386082,T1
female,18,Employed,Inactive,0.5305879263304714,T1
female,18,Unemployed,Employed,0.049842264862618564,T1
female,18,Unemployed,Unemployed,0.24011203216261978,T1
female,18,Unemployed,Inactive,0.6558354625298503,T1
female,18,Inactive,Employed,0.12244317494237471,T1
female,18,Inactive,Unemployed,0.456660191498969,T1
female,18,Inactive,Inactive,0.8352167245912495,T1
female,19,Employed,Employed,0.02905038162516393,T1
female,19,Employed,Unemployed,0.15270465078745846,T1
female,19,Employed,Inactive,0.5208159162801829,T1
female,19,Unemployed,Employed,0.048018577454595666,T1
female,19,Unemployed,Unemployed,0.23303397268004086,T1
female,19,Unemployed,Inactive,0.64693581685878,T1
female,19,Inactive,Employed,0.11829380043826578,T1
female,19,Inactive,Unemployed,0.4469533240741821,T1
female,19,Inactive,Inactive,0.8297515179438041,T1
female,20,Employed,Employed,0.028060241020052237,T1
female,20,Employed,Unemployed,0.14814297247560515,T1
female,20,Employed,Inactive,0.5119014060955422,T1
female,20,Unemployed,Employed,0.04641283693323642,T1
female,20,Unemployed,Unemployed,0.2267147355242185,T1
female,20,Unemployed,Inactive,0.6387401060210025,T1
female,20,Inactive,Employed,0.11462100381340247,T1
female,20,Inactive,Unemployed,0.4381470846016702,T1
female,20,Inactive,Inactive,0.824649272958868,T1
female,21,Employed,Employed,0.027195233217106107,T1
female,21,Employed,Unemployed,0.14412511734220362,T1
female,21,Employed,Inactive,0.503853193104043,T1
female,21,Unemployed,Employed,0.0450082757526061,T1
female,21,Unemployed,Unemployed,0.22111904391194928,T1
female,21,Unemployed,Inactive,0.6312768642170756,T1
female,21,Inactive,Employed,0.11139342640225962,T1
female,21,Inactive,Unemployed,0.43023633543864076,T1
female,21,Inactive,Inactive,0.819944055691844,T1
female,22,Employed,Employed,0.026446020410006245,T1
female,22,Employed,Unemployed,0.14062020483322113,T1
female,22,Employed,Inactive,0.49667684839903314,T1
female,22,Unemployed,Employed,0.0437904144323424,T1
female,22,Unemployed,Unemployed,0.2162147600738201,T1
female,22,Unemployed,Inactive,0.6245702877236091,T1
female,22,Inactive,Employed,0.10858351521961951,T1
female,22,Inactive,Unemployed,0.423214121223009,T1
female,22,Inactive,Inactive,0.8156670526649169,T1
female,23,Employed,Employed,0.02580463337950429,T1
female,23,Employed,Unemployed,0.13760115921287078,T1
female,23,Employed,Inactive,0.49037543377007,T1
female,23,Unemployed,Employed,0.04274684909510557,T1
female,23,Unemployed,Unemployed,0.21197305772679345,T1
female,23,Unemployed,Inactive,0.6186406313675802,T1
female,23,Inactive,Employed,0.10616730945158144,T1
female,23,Inactive,Unemployed,0.4170724220908105,T1
female,23,Inactive,Inactive,0.8118463849149469,T1
female,24,Employed,Employed,0.02526434103523461,T1
female,24,Employed,Unemployed,0.13504457509979567,T1
female,24,Employed,Inactive,0.48495015280586595,T1
female,24,Unemployed,Employed,0.041867068980498155,T1
female,24,Unemployed,Unemployed,0.2083685332439268,T1
female,24,Unemployed,Inactive,0.6135046075664766,T1
female,24,Inactive,Employed,0.10412424125673869,T1
female,24,Inactive,Unemployed,0.4118028095224627,T1
female,24,Inactive,Inactive,0.808506964396532,T1
female,25,Employed,Employed,0.024819540944932304,T1
female,25,Employed,Unemployed,0.13293058518392653,T1
female,25,Employed,Inactive,0.4804009283155806,T1
female,25,Unemployed,Employed,0.04114230163343519,T1
female,25,Unemployed,Unemployed,0.20537927162544034,T1
female,25,Unemployed,Inactive,0.6091757707935168,T1
female,25,Inactive,Employed,0.10243695521271293,T1
female,25,Inactive,Unemployed,0.4073970067947778,T1
female,25,Inactive,Inactive,0.8056703869031745,T1
female,26,Employed,Employed,0.02446566879239108,T1
female,26,Employed,Unemployed,0.131242736728943,T1
female,26,Employed,Inactive,0.47672690141675683,T1
female,26,Unemployed,Employed,0.04056538368166814,T1
female,26,Unemployed,Unemployed,0.20298688059807402,T1
female,26,Unemployed,Inactive,0.6056648731192213,T1
female,26,Inactive,Employed,0.10109114938964724,T1
female,26,Inactive,Unemployed,0.40384735794671384,T1
female,26,Inactive,Inactive,0.8033548552917278,T1
female,27,Employed,Employed,0.02419912504068399,T1
female,27,Employed,Unemployed,0.12996788177982158,T1
female,27,Employed,Inactive,0.4739268499940037,T1
female,27,Unemployed,Employed,0.04013065537367694,T1
female,27,Unemployed,Unemployed,0.20117650364931722,T1
female,27,Unemployed,Inactive,0.602980179154084,T1
female,27,Inactive,Employed,0.10007544004090355,T1
female,27,Inactive,Unemployed,0.4011472101655212,T1
female,27,Inactive,Inactive,0.8015751268326147,T1
female,28,Employed,Employed,0.024017217392147214,T1
female,28,Employed,Unemployed,0.1290960846721639,T1
female,28,Employed,Inactive,0.4719995258294646,T1
female,28,Unemployed,Employed,0.03983387732773145,T1
female,28,Unemployed,Unemployed,0.1999368205520489,T1
female,28,Unemployed,Inactive,0.6011277311789377,T1
female,28,Inactive,Employed,0.09938125119358805,T1
female,28,Inactive,Unemployed,0.3992912147479246,T1
female,28,Inactive,Inactive,0.8003424789130039,T1
female,29,Employed,Employed,0.023918117932868174,T1
female,29,Employed,Unemployed,0.1286205494073254,T1
female,29,Employed,Inactive,0.4709439106565156,T1
female,29,Unemployed,Employed,0.039672168234689574,T1
female,29,Unemployed,Unemployed,0.19926004193796842,T1
female,29,Unemployed,Inactive,0.6001115574570159,T1
female,29,Inactive,Employed,0.09900272993151453,T1
female,29,Inactive,Unemployed,0.39827555145550947,T1
female,29,Inactive,Inactive,0.7996646880360607,T1
female,30,Employed,Employed,0.023900834129525716,T1
female,30,Employed,Unemployed,0.12853756864859725,T1
female,30,Employed,Inactive,0.4707593918158445,T1
female,30,Unemployed,Employed,0.03964396255435455,T1
female,30,Unemployed,Unemployed,0.19914190270141424,T1
female,30,Unemployed,Inactive,0.5999338186735401,T1
female,30,Inactive,Employed,0.09893668783538506,T1
female,30,Inactive,Unemployed,0.398098080311966,T1
female,30,Inactive,Inactive,0.799546018026288,T1
female,31,Employed,Employed,0.023965193113723297,T1
female,31,Employed,Unemployed,0.12884649544887938,T1
female,31,Employed,Inactive,0.4714458582250706,T1
female,31,Unemployed,Employed,0.039748987544239,T1
female,31,Unemployed,Unemployed,0.19958165741391512,T1
female,31,Unemployed,Inactive,0.6005948891765021,T1
female,31,Inactive,Employed,0.09918256883263107,T1
female,31,Inactive,Unemployed,0.3987584238091083,T1
female,31,Inactive,Inactive,0.7999872145076714,T1
female,32,Employed,Employed,0.024111838947203586,T1
female,32,Employed,Unemployed,0.12954973828479913,T1
female,32,Employed,Inactive,0.47300371713522793,T1
female,32,Unemployed,Employed,0.039988259258690234,T1
female,32,Unemployed,Unemployed,0.20058207945262488,T1
female,32,Unemployed,Inactive,0.6020933712516388,T1
female,32,Inactive,Employed,0.09974244357246147,T1
female,32,Inactive,Unemployed,0.40025798120732675,T1
female,32,Inactive,Inactive,0.8009855040074,T1
female,33,Employed,Employed,0.024342242814551093,T1
female,33,Employed,Unemployed,0.1306527794953821,T1
female,33,Employed,Inactive,0.4754338317629157,T1
female,33,Unemployed,Employed,0.040364097455103234,T1
female,33,Unemployed,Unemployed,0.20214946413751358,T1
female,33,Unemployed,Inactive,0.6044260421268081,T1
female,33,Inactive,Employed,0.1006210303446865,T1
female,33,Inactive,Unemployed,0.4025998752294507,T1
female,33,Inactive,Inactive,0.8025345973942861,T1
female,34,Employed,Employed,0.024658726342325712,T1
female,34,Employed,Unemployed,0.13216421675669,T1
female,34,Employed,Inactive,0.47873737947686856,T1
female,34,Unemployed,Employed,0.04088015964263605,T1
female,34,Unemployed,Unemployed,0.20429363477602577,T1
female,34,Unemployed,Inactive,0.6075877348458453,T1
female,34,Inactive,Employed,0.10182574247078852,T1
female,34,Inactive,Unemployed,0.40578883004223,T1
female,34,Inactive,Inactive,0.8046246987296011,T1
female,35,Employed,Employed,0.025064498499185222,T1
female,35,Employed,Unemployed,0.1340958267192225,T1
female,35,Employed,Inactive,0.4829156299028111,T1
female,35,Unemployed,Employed,0.04154149480780594,T1
female,35,Unemployed,Unemployed,0.20702794907278796,T1
female,35,Unemployed,Inactive,0.6115711556608024,T1
female,35,Inactive,Employed,0.10336676197987446,T1
female,35,Inactive,Unemployed,0.40983097808269114,T1
female,35,Inactive,Inactive,0.807242521931024,T1
female,36,Employed,Employed,0.025563706794537823,T1
female,36,Employed,Unemployed,0.13646264934279587,T1
female,36,Employed,Inactive,0.48796964221292266,T1
female,36,Unemployed,Employed,0.04235461765052207,T1
female,36,Unemployed,Unemployed,0.21036930181981253,T1
female,36,Unemployed,Inactive,0.6163666422400284,T1
female,36,Inactive,Employed,0.10525713920635382,T1
female,36,Inactive,Unemployed,0.4147335921085626,T1
female,36,Inactive,Inactive,0.810371318869213,T1
female,37,Employed,Employed,0.026161503767505815,T1
female,37,Employed,Unemployed,0.13928309073129808,T1
female,37,Employed,Inactive,0.49389988111077077,T1
female,37,Unemployed,Employed,0.04332760446243202,T1
female,37,Unemployed,Unemployed,0.21433811808618372,T1
female,37,Unemployed,Inactive,0.621961868841039,T1
female,37,Inactive,Employed,0.10751291767255954,T1
female,37,Inactive,Unemployed,0.4205047379350727,T1
female,37,Inactive,Inactive,0.8139909235712799,T1
female,38,Employed,Employed,0.026864130047019714,T1
female,38,Employed,Unemployed,0.14257904133962646,T1
female,38,Employed,Inactive,0.5007057517360585,T1
female,38,Unemployed,Employed,0.04447021207417247,T1
female,38,Unemployed,Unemployed,0.2189583292273056,T1
female,38,Unemployed,Inactive,0.6283415066942765,T1
female,38,Inactive,Employed,0.11015328320445153,T1
female,38,Inactive,Unemployed,0.42715284278341453,T1
female,38,Inactive,Inactive,0.8180778180351863,T1
female,39,Employed,Employed,0.027679015570643395,T1
female,39,Employed,Unemployed,0.1463760052337556,T1
female,39,Employed,Inactive,0.5083850550218955,T1
female,39,Unemployed,Employed,0.045794021583915816,T1
female,39,Unemployed,Unemployed,0.22425732189344524,T1
female,39,Unemployed,Inactive,0.6354868502004932,T1
female,39,Inactive,Employed,0.11320073562053376,T1
female,39,Inactive,Unemployed,0.4346861741475963,T1
female,39,Inactive,Inactive,0.8226052257028308,T1
female,40,Employed,Employed,0.028614900876270204,T1
female,40,Employed,Unemployed,0.1507032345623322,T1
female,40,Employed,Inactive,0.5169333670590568,T1
female,40,Unemployed,Employed,0.0473126088475548,T1
female,40,Unemployed,Unemployed,0.23026584781141285,T1
female,40,Unemployed,Inactive,0.6433754221365822,T1
female,40,Inactive,Employed,0.11668128047182146,T1
female,40,Inactive,Unemployed,0.4431122247454523,T1
female,40,Inactive,Inactive,0.8275432388390104,T1
female,41,Employed,Employed,0.02968198072769579,T1
female,41,Employed,Unemployed,0.15559386146871407,T1
female,41,Employed,Inactive,0.5263433488569798,T1
female,41,Unemployed,Employed,0.049041743946942884,T1
female,41,Unemployed,Unemployed,0.23701787944101665,T1
female,41,Unemployed,Inactive,0.6519805738213423,T1
female,41,Inactive,Employed,0.12062463712101891,T1
female,41,Inactive,Unemployed,0.45243700063286674,T1
female,41,Inactive,Inactive,0.8328589858666067,T1
female,42,Employed,Employed,0.030892072700657584,T1
female,42,Employed,Unemployed,0.16108501725671767,T1
female,42,Employed,Inactive,0.5366039966059933,T1
female,42,Unemployed,Employed,0.05099962203582622,T1
female,42,Unemployed,Unemployed,0.24455039370353635,T1
female,42,Unemployed,Inactive,0.6612710989887567,T1
female,42,Inactive,Employed,0.1250644578458875,T1
female,42,Inactive,Unemployed,0.4626642121130459,T1
female,42,Inactive,Inactive,0.8385168440749975,T1
female,43,Employed,Employed,0.032258813735403215,T1
female,43,Employed,Unemployed,0.16721792564363827,T1
female,43,Employed,Inactive,0.5476998471501946,T1
female,43,Unemployed,Employed,0.05320712806306972,T1
female,43,Unemployed,Unemployed,0.2529030629272468,T1
female,43,Unemployed,Inactive,0.6712108827672831,T1
female,43,Inactive,Employed,0.13003855053557123,T1
female,43,Inactive,Unemployed,0.4737943708429457,T1
female,43,Inactive,Inactive,0.8444787020262438,T1
female,44,Employed,Employed,0.03379788804568464,T1
female,44,Employed,Unemployed,0.17403795332242597,T1
female,44,Employed,Inactive,0.5596101588056335,T1
female,44,Unemployed,Employed,0.055688137846528304,T1
female,44,Unemployed,Unemployed,0.2621178291088955,T1
female,44,Unemployed,Inactive,0.6817586094256968,T1
female,44,Inactive,Employed,0.1355890948078952,T1
female,44,Inactive,Unemployed,0.48582380167268635,T1
female,44,Inactive,Inactive,0.8507042744335612,T1
female,45,Employed,Employed,0.03552729014601283,T1
female,45,Employed,Unemployed,0.18159459676697792,T1
female,45,Employed,Inactive,0.5723080937258761,T1
female,45,Unemployed,Employed,0.05846985775889232,T1
female,45,Unemployed,Unemployed,0.27223833479632487,T1
female,45,Unemployed,Inactive,0.6928675541232141,T1
female,45,Inactive,Employed,0.14176283789108368,T1
female,45,Inactive,Unemployed,0.4987435843303436,T1
female,45,Inactive,Inactive,0.8571514703105073,T1
female,46,Employed,Employed,0.03746762709325209,T1
female,46,Employed,Unemployed,0.18994137925036667,T1
female,46,Employed,Inactive,0.585759934413616,T1
female,46,Unemployed,Employed,0.061583204807896065,T1
female,46,Unemployed,Unemployed,0.2833091817200294,T1
female,46,Unemployed,Inactive,0.7044854844624441,T1
female,46,Inactive,Employed,0.14861125226654542,T1
female,46,Inactive,Unemployed,0.5125384480525846,T1
female,46,Inactive,Inactive,0.8637768128531473,T1
female,47,Employed,Employed,0.039642464296055675,T1
female,47,Employed,Unemployed,0.19913562647918243,T1
female,47,Employed,Inactive,0.5999243732350424,T1
female,47,Unemployed,Employed,0.06506322803859098,T1
female,47,Unemployed,Unemployed,0.29537498724611133,T1
female,47,Unemployed,Inactive,0.7165546968483645,T1
female,47,Inactive,Employed,0.15619063175797937,T1
female,47,Inactive,Unemployed,0.5271856514679818,T1
female,47,Inactive,Inactive,0.8705359069234624,T1
female,48,Employed,Employed,0.042078719368716745,T1
female,48,Employed,Unemployed,0.20923808326529647,T1
female,48,Employed,Inactive,0.6147519192848868,T1
female,48,Unemployed,Employed,0.06894957081131278,T1
female,48,Unemployed,Unemployed,0.3084792094555904,T1
female,48,Unemployed,Inactive,0.7290122101954766,T1
female,48,Inactive,Employed,0.16456209641413655,T1
female,48,Inactive,Unemployed,0.5426538900561202,T1
female,48,Inactive,Inactive,0.8773839472873043,T1
female,49,Employed,Employed,0.0448071084121275,T1
female,49,Employed,Unemployed,0.2203123276113075,T1
female,49,Employed,Inactive,0.6301844709018114,T1
female,49,Unemployed,Employed,0.07328697142914621,T1
female,49,Unemployed,Unemployed,0.32266271500448557,T1
female,49,Unemployed,Inactive,0.7417901351670477,T1
female,49,Inactive,Employed,0.17379146918357372,T1
female,49,Inactive,Unemployed,0.5589022836626698,T1
female,49,Inactive,Inactive,0.8842762580898962,T1
female,50,Employed,Employed,0.04786264867741116,T1
female,50,Employed,Unemployed,0.23242393305620052,T1
female,50,Employed,Inactive,0.6461551036760668,T1
female,50,Unemployed,Employed,0.07812579656594612,T1
female,50,Unemployed,Unemployed,0.33796207085481894,T1
female,50,Unemployed,Inactive,0.7548162307741701,T1
female,50,Inactive,Employed,0.18394897916528447,T1
female,50,Inactive,Unemployed,0.5758795058932319,T1
female,50,Inactive,Inactive,0.891168851610383,T1
female,51,Employed,Employed,0.05128522064655854,T1
female,51,Employed,Unemployed,0.24563932598587537,T1
female,51,Employed,Inactive,0.6625881220393046,T1
female,51,Unemployed,Employed,0.08352259768546523,T1
female,51,Unemployed,Unemployed,0.3544075525326602,T1
female,51,Unemployed,Inactive,0.7680146518886485,T1
female,51,Inactive,Employed,0.19510873748667945,T1
female,51,Inactive,Unemployed,0.5935231245076441,T1
female,51,Inactive,Inactive,0.8980189923126854,T1
female,52,Employed,Employed,0.055120190930353224,T1
female,52,Employed,Unemployed,0.2600242830895294,T1
female,52,Employed,Inactive,0.6793994166999932,T1
female,52,Unemployed,Employed,0.08954067478799524,T1
female,52,Unemployed,Unemployed,0.37202087875933504,T1
female,52,Unemployed,Inactive,0.7813068813329567,T1
female,52,Inactive,Employed,0.2073479232508471,T1
female,52,Inactive,Unemployed,0.6117592257539051,T1
female,52,Inactive,Inactive,0.9047857507787224,T1
female,53,Employed,Employed,0.05941909474490124,T1
female,53,Employed,Unemployed,0.27564201686708223,T1
female,53,Employed,Inactive,0.6964971597593151,T1
female,53,Unemployed,Employed,0.09625062396038928,T1
female,53,Unemployed,Unemployed,0.3908127058597258,T1
female,53,Unemployed,Inactive,0.7946128292399204,T1
female,53,Inactive,Employed,0.2207456095505383,T1
female,53,Inactive,Unemployed,0.6305023944049889,T1
female,53,Inactive,Inactive,0.9114305314170519,T1
female,54,Employed,Employed,0.06424037270171334,T1
female,54,Employed,Unemployed,0.29255080608466066,T1
female,54,Employed,Inactive,0.7137828541952426,T1
female,54,Unemployed,Employed,0.10373083488657597,T1
female,54,Unemployed,Unemployed,0.4107799454890918,T1
female,54,Unemployed,Inactive,0.8078520710839111,T1
female,54,Inactive,Employed,0.23538115482406038,T1
female,54,Inactive,Unemployed,0.6496561137121319,T1
female,54,Inactive,Inactive,0.9179175579828566,T1
female,55,Employed,Employed,0.06965015074330237,T1
female,55,Employed,Unemployed,0.3108011456436223,T1
female,55,Employed,Inactive,0.7311527349723378,T1
female,55,Unemployed,Employed,0.11206789124858832,T1
female,55,Unemployed,Unemployed,0.4319030052639627,T1
female,55,Unemployed,Inactive,0.820945185104178,T1
female,55,Inactive,Employed,0.2513320849963279,T1
female,55,Inactive,Unemployed,0.669113634582249,T1
female,55,Inactive,Inactive,0.9242143019610618,T1
female,56,Employed,Employed,0.0757230436688887,T1
female,56,Employed,Unemployed,0.3304324188296668,T1
female,56,Employed,Inactive,0.748499496398011,T1
female,56,Unemployed,Employed,0.12135681044100054,T1
female,56,Unemployed,Unemployed,0.4541430918919123,T1
female,56,Unemployed,Inactive,0.8338151407813348,T1
female,56,Inactive,Employed,0.2686713997234023,T1
female,56,Inactive,Unemployed,0.6887593407344847,T1
female,56,Inactive,Inactive,0.930291840722226,T1
female,57,Employed,Employed,0.08254295109674836,T1
female,57,Employed,Unemployed,0.35146913631023863,T1
female,57,Employed,Inactive,0.7657142962191325,T1
female,57,Unemployed,Employed,0.13170103907083353,T1
female,57,Unemployed,Unemployed,0.47743975682668954,T1
female,57,Unemployed,Inactive,0.8463886835660245,T1
female,57,Inactive,Employed,0.2874642550235888,T1
female,57,Inactive,Unemployed,0.708470607059578,T1
female,57,Inactive,Inactive,0.9361251349612688,T1
female,58,Employed,Employed,0.09020379907979616,T1
female,58,Employed,Unemployed,0.37391684146919907,T1
female,58,Employed,Inactive,0.7826889635783267,T1
female,58,Unemployed,Employed,0.14321209756734343,T1
female,58,Unemployed,Unemployed,0.5017089000285407,T1
female,58,Unemployed,Inactive,0.8585976580034532,T1
female,58,Inactive,Employed,0.3077640082952303,T1
female,58,Inactive,Unemployed,0.7281201136910063,T1
female,58,Inactive,Inactive,0.9416932181114741,T1
female,59,Employed,Employed,0.09881016007914131,T1
female,59,Employed,Unemployed,0.39775784970173594,T1
female,59,Employed,Inactive,0.7993183178587926,T1
female,59,Unemployed,Employed,0.1560087418342059,T1
female,59,Unemployed,Unemployed,0.5268414712024672,T1
female,59,Unemployed,Inactive,0.8703802122675227,T1
female,59,Inactive,Employed,0.3296076635507391,T1
female,59,Inactive,Unemployed,0.7475785413197059,T1
female,59,Inactive,Inactive,0.9469792939829667,T1
female,60,Employed,Employed,0.10847765786332318,T1
female,60,Employed,Unemployed,0.42294706621985445,T1
female,60,Employed,Inactive,0.8155024911253106,T1
female,60,Unemployed,Employed,0.1702154842974673,T1
female,60,Unemployed,Unemployed,0.5527031121201068,T1
female,60,Unemployed,Inactive,0.88168183204916,T1
female,60,Inactive,Employed,0.3530108267382716,T1
female,60,Inactive,Unemployed,0.7667175378672002,T1
female,60,Inactive,Inactive,0.9519707425709583,T1
male,16,Employed,Employed,0.020035137359601274,T2
male,16,Employed,Unemployed,0.10799773700611695,T2
male,16,Employed,Inactive,0.4070414911205366,T2
male,16,Unemployed,Employed,0.039052894954098596,T2
male,16,Unemployed,Unemployed,0.1939834174898602,T2
male,16,Unemployed,Inactive,0.5770847799219294,T2
male,16,Inactive,Employed,0.0914563207986439,T2
male,16,Inactive,Unemployed,0.3734812838590289,T2
male,16,Inactive,Inactive,0.7716829132019201,T2
male,17,Employed,Employed,0.019035779919886697,T2
male,17,Employed,Unemployed,0.10307226942080806,T2
male,17,Employed,Inactive,0.3945094618655177,T2
male,17,Unemployed,Employed,0.037140879755331174,T2
male,17,Unemployed,Unemployed,0.18595390903168227,T2
male,17,Unemployed,Inactive,0.5642997184816798,T2
male,17,Inactive,Employed,0.08721150113945386,T2
male,17,Inactive,Unemployed,0.3613528370228934,T2
male,17,Inactive,Inactive,0.7623581644066989,T2
male,18,Employed,Employed,0.01815065807404125,T2
male,18,Employed,Unemployed,0.09867268248738956,T2
male,18,Employed,Inactive,0.38298175400539364,T2
male,18,Unemployed,Employed,0.03544432837449891,T2
male,18,Unemployed,Unemployed,0.17872149466614887,T2
male,18,Unemployed,Inactive,0.5523364712294205,T2
male,18,Inactive,Employed,0.08342595233642669,T2
male,18,Inactive,Unemployed,0.3502335671280831,T2
male,18,Inactive,Inactive,0.7534571607360218,T2
male,19,Employed,Employed,0.017368509110347367,T2
male,19,Employed,Unemployed,0.09475554125190547,T2
male,19,Employed,Inactive,0.37244180500044055,T2
male,19,Unemployed,Employed,0.03394272218871212,T2
male,19,Unemployed,Unemployed,0.17223379254439883,T2
male,19,Unemployed,Inactive,0.5412239952128327,T2
male,19,Inactive,Employed,0.08006031787083527,T2
male,19,Inactive,Unemployed,0.3400981048019877,T2
male,19,Inactive,Inactive,0.7450325523548359,T2
male,20,Employed,Employed,0.016679598012758392,T2
male,20,Employed,Unemployed,0.09128226593267467,T2
male,20,Employed,Inactive,0.36287003971513593,T2
male,20,Unemployed,Employed,0.03261822768755815,T2
male,20,Unemployed,Unemployed,0.16644271465263813,T2
male,20,Unemployed,Inactive,0.5309847101557419,T2
male,20,Inactive,Employed,0.07707983221223275,T2
male,20,Inactive,Unemployed,0.3309192534936658,T2
male,20,Inactive,Inactive,0.7371327294734361,T2
male,21,Employed,Employed,0.016075529429009274,T2
male,21,Employed,Unemployed,0.08821877948536286,T2
male,21,Employed,Inactive,0.35424506653632415,T2
male,21,Unemployed,Employed,0.03145539054178607,T2
male,21,Unemployed,Unemployed,0.161304550375953,T2
male,21,Unemployed,Inactive,0.5216353914397176,T2
male,21,Inactive,Employed,0.07445393508861105,T2
male,21,Inactive,Unemployed,0.3226691037665001,T2
male,21,Inactive,Inactive,0.7298016609660164,T2
male,22,Employed,Employed,0.015549087542375847,T2
male,22,Employed,Unemployed,0.08553517111401518,T2
male,22,Employed,Inactive,0.34654471105947626,T2
male,22,Unemployed,Employed,0.030440870881163012,T2
male,22,Unemployed,Unemployed,0.1567799667332327,T2
male,22,Unemployed,Inactive,0.5131880635111482,T2
male,22,Inactive,Employed,0.07215591539715746,T2
male,22,Inactive,Unemployed,0.31531997038182186,T2
male,22,Inactive,Inactive,0.7230788315915863,T2
male,23,Employed,Employed,0.015094100176634227,T2
male,23,Employed,Unemployed,0.08320538274496131,T2
male,23,Employed,Inactive,0.33974689487498305,T2
male,23,Unemployed,Employed,0.02956321551480191,T2
male,23,Unemployed,Unemployed,0.15283395111275333,T2
male,23,Unemployed,Inactive,0.5056508639287786,T2
male,23,Inactive,Employed,0.0701625879526189,T2
male,23,Inactive,Unemployed,0.3088451680389078,T2
male,23,Inactive,Inactive,0.7169992609834301,T2
male,24,Employed,Employed,0.014705324000441758,T2
male,24,Employed,Unemployed,0.08120692294445508,T2
male,24,Employed,Inactive,0.3338303712230972,T2
male,24,Unemployed,Employed,0.02881266321457834,T2
male,24,Unemployed,Unemployed,0.14943571725723445,T2
male,24,Unemployed,Inactive,0.4990288552552403,T2
male,24,Inactive,Employed,0.06845400455215714,T2
male,24,Inactive,Unemployed,0.30321964394260303,T2
male,24,Inactive,Inactive,0.7115935863507403,T2
male,25,Employed,Employed,0.01437834817560603,T2
male,25,Employed,Unemployed,0.07952061093057186,T2
male,25,Employed,Inactive,0.32877533158525557,T2
male,25,Unemployed,Employed,0.02818097960455178,T2
male,25,Unemployed,Unemployed,0.14655859090768844,T2
male,25,Unemployed,Inactive,0.4933247682103684,T2
male,25,Inactive,Employed,0.06701319967526491,T2
male,25,Inactive,Unemployed,0.2984204859934609,T2
male,25,Inactive,Inactive,0.7068881906386401,T2
male,26,Employed,Employed,0.014109514218147781,T2
male,26,Employed,Unemployed,0.07813035204962095,T2
male,26,Employed,Inactive,0.3245638980787524,T2
male,26,Unemployed,Employed,0.0276613186311143,T2
male,26,Unemployed,Unemployed,0.14417988789323458,T2
male,26,Unemployed,Inactive,0.48853966473885935,T2
male,26,Inactive,Employed,0.06582597039754488,T2
male,26,Inactive,Unemployed,0.29442732481224,T2
male,26,Inactive,Inactive,0.7029053585372583,T2
male,27,Employed,Employed,0.01389585021746352,T2
male,27,Employed,Unemployed,0.07702294522963068,T2
male,27,Employed,Inactive,0.3211805162084346,T2
male,27,Unemployed,Employed,0.02724810801431938,T2
male,27,Unemployed,Unemployed,0.14228079448589545,T2
male,27,Unemployed,Inactive,0.48467351382599155,T2
male,27,Inactive,Employed,0.06488068967022091,T2
male,27,Inactive,Unemployed,0.29122264640798995,T2
male,27,Inactive,Inactive,0.6996634440256623,T2
male,28,Employed,Employed,0.013735017893514728,T2
male,28,Employed,Unemployed,0.07618792238588858,T2
male,28,Employed,Inactive,0.3186122614253056,T2
male,28,Unemployed,Employed,0.026936956491839564,T2
male,28,Unemployed,Unemployed,0.1408462574421156,T2
male,28,Unemployed,Inactive,0.4817256760451756,T2
male,28,Inactive,Employed,0.06416815191994764,T2
male,28,Inactive,Unemployed,0.28879203037525647,T2
male,28,Inactive,Inactive,0.6971770349025647,T2
male,29,Employed,Employed,0.01362527127118028,T2
male,29,Employed,Unemployed,0.07561741945495987,T2
male,29,Employed,Inactive,0.31684907130153905,T2
male,29,Unemployed,Employed,0.02672458105941907,T2
male,29,Unemployed,Unemployed,0.13986488923613555,T2
male,29,Unemployed,Inactive,0.47969529502801694,T2
male,29,Inactive,Employed,0.06368144989235353,T2
male,29,Inactive,Unemployed,0.2871243262789502,T2
male,29,Inactive,Inactive,0.6954571018376453,T2
male,30,Employed,Employed,0.01356542602095589,T2
male,30,Employed,Unemployed,0.07530607861044138,T2
male,30,Employed,Inactive,0.31588391314467323,T2
male,30,Unemployed,Employed,0.02660875278495943,T2
male,30,Unemployed,Unemployed,0.13932889246464067,T2
male,30,Unemployed,Inactive,0.4785815954394266,T2
male,30,Inactive,Employed,0.06341588174987013,T2
male,30,Inactive,Unemployed,0.2862117785043434,T2
male,30,Inactive,Inactive,0.6945111217515522,T2
male,31,Employed,Employed,0.0135548387620976,T2
male,31,Employed,Unemployed,0.07525098121618509,T2
male,31,Employed,Inactive,0.3157128946760637,T2
male,31,Unemployed,Employed,0.026588260129141582,T2
male,31,Unemployed,Unemployed,0.13923400618180454,T2
male,31,Unemployed,Inactive,0.47838408776648994,T2
male,31,Inactive,Employed,0.06336888760376813,T2
male,31,Inactive,Unemployed,0.286050107408326,T2
male,31,Inactive,Inactive,0.694343167709448,T2
male,32,Employed,Employed,0.013593395853866376,T2
male,32,Employed,Unemployed,0.07545161116169775,T2
male,32,Employed,Inactive,0.31633532308100326,T2
male,32,Unemployed,Employed,0.026662889046830687,T2
male,32,Unemployed,Unemployed,0.13957947592924694,T2
male,32,Unemployed,Inactive,0.4791026804483937,T2
male,32,Inactive,Employed,0.06354001488480725,T2
male,32,Inactive,Unemployed,0.2866385521578775,T2
male,32,Inactive,Inactive,0.694953959934202,T2
male,33,Employed,Employed,0.013681511418291431,T2
male,33,Employed,Unemployed,0.07590984836842031,T2
male,33,Employed,Inactive,0.3177537153579438,T2
male,33,Unemployed,Employed,0.026833419474433396,T2
male,33,Unemployed,Unemployed,0.1403680483823292,T2
male,33,Unemployed,Inactive,0.4807376997453096,T2
male,33,Inactive,Employed,0.06393091221568795,T2
male,33,Inactive,Unemployed,0.28797987820350013,T2
male,33,Inactive,Inactive,0.6963408749794615,T2
male,34,Employed,Employed,0.01382013454921475,T2
male,34,Employed,Unemployed,0.07662999242822828,T2
male,34,Employed,Inactive,0.3199737604870622,T2
male,34,Unemployed,Employed,0.027101638133430615,T2
male,34,Unemployed,Unemployed,0.1416059907727877,T2
male,34,Unemployed,Inactive,0.4832898174248232,T2
male,34,Inactive,Employed,0.06454535172484593,T2
male,34,Inactive,Unemployed,0.2900803499097847,T2
male,34,Inactive,Inactive,0.698497912537737,T2
male,35,Employed,Employed,0.014010765872588945,T2
male,35,Employed,Unemployed,0.07761881651309673,T2
male,35,Employed,Inactive,0.32300423152690394,T2
male,35,Unemployed,Employed,0.02747036790430872,T2
male,35,Unemployed,Unemployed,0.1433031345006556,T2
male,35,Unemployed,Inactive,0.48675988599157927,T2
male,35,Inactive,Employed,0.06538928002051074,T2
male,35,Inactive,Unemployed,0.2929496664424039,T2
male,35,Inactive,Inactive,0.7014156217931944,T2
male,36,Employed,Employed,0.014255483837342832,T2
male,36,Employed,Unemployed,0.07888565185424617,T2
male,36,Employed,Inactive,0.32685684335276644,T2
male,36,Unemployed,Employed,0.027943514352925865,T2
male,36,Unemployed,Unemployed,0.14547294154891413,T2
male,36,Unemployed,Inactive,0.4911486809552654,T2
male,36,Inactive,Employed,0.06647089831218882,T2
male,36,Inactive,Unemployed,0.29660085657880836,T2
male,36,Inactive,Inactive,0.705080991663956,T2
male,37,Employed,Employed,0.014556981339931167,T2
male,37,Employed,Unemployed,0.08044250320528949,T2
male,37,Employed,Inactive,0.3315460494004482,T2
male,37,Unemployed,Employed,0.028526130327669593,T2
male,37,Unemployed,Unemployed,0.1481325913938531,T2
male,37,Unemployed,Inactive,0.49645654968107256,T2
male,37,Inactive,Employed,0.06780077240827288,T2
male,37,Inactive,Unemployed,0.30105012566373923,T2
male,37,Inactive,Inactive,0.7094773117080538,T2
male,38,Employed,Employed,0.014918613524420865,T2
male,38,Employed,Unemployed,0.08230419574796329,T2
male,38,Employed,Inactive,0.33708876852059827,T2
male,38,Unemployed,Employed,0.0292244998948661,T2
male,38,Unemployed,Unemployed,0.15130308499057799,T2
male,38,Unemployed,Inactive,0.502682966854482,T2
male,38,Inactive,Employed,0.06939197351451842,T2
male,38,Inactive,Unemployed,0.30631664548126813,T2
male,38,Inactive,Inactive,0.7145840128685756,T2
male,39,Employed,Employed,0.015344457859312802,T2
male,39,Employed,Unemployed,0.0844885538354496,T2
male,39,Employed,Inactive,0.3435040309574521,T2
male,39,Unemployed,Employed,0.03004624324532482,T2
male,39,Unemployed,Unemployed,0.1550093610292407,T2
male,39,Unemployed,Inactive,0.5098259976779849,T2
male,39,Inactive,Employed,0.07126025088454489,T2
male,39,Inactive,Unemployed,0.3124222753992735,T2
male,39,Inactive,Inactive,0.7203764995610652,T2
male,40,Employed,Employed,0.01583938787817807,T2
male,40,Employed,Unemployed,0.08701661175227561,T2
male,40,Employed,Inactive,0.3508125306561149,T2
male,40,Unemployed,Employed,0.031000444588983208,T2
male,40,Unemployed,Unemployed,0.1592804179203351,T2
male,40,Unemployed,Inactive,0.5178816717554839,T2
male,40,Inactive,Employed,0.0734242373984805,T2
male,40,Inactive,Unemployed,0.3193912008340789,T2
male,40,Inactive,Inactive,0.7268259867842527,T2
male,41,Employed,Employed,0.016409162289761768,T2
male,41,Employed,Unemployed,0.08991285624410728,T2
male,41,Employed,Inactive,0.35903606974013386,T2
male,41,Unemployed,Employed,0.03209780545785206,T2
male,41,Unemployed,Unemployed,0.16414943278855326,T2
male,41,Unemployed,Inactive,0.526843273349841,T2
male,41,Inactive,Employed,0.07590568902700483,T2
male,41,Inactive,Unemployed,0.32724947300610246,T2
male,41,Inactive,Inactive,0.7338993578547566,T2
male,42,Employed,Employed,0.01706053152081087,T2
male,42,Employed,Unemployed,0.09320549986231808,T2
male,42,Employed,Inactive,0.3681968803114685,T2
male,42,Unemployed,Employed,0.033350826257576835,T2
male,42,Unemployed,Unemployed,0.16965386604354254,T2
male,42,Unemployed,Inactive,0.5367005574283298,T2
male,42,Inactive,Employed,0.07872975881907211,T2
male,42,Inactive,Unemployed,0.33602443229842016,T2
male,42,Inactive,Inactive,0.7415590598854648,T2
male,43,Employed,Employed,0.017801364157859975,T2
male,43,Employed,Unemployed,0.09692678308425132,T2
male,43,Employed,Inactive,0.3783168090006088,T2
male,43,Unemployed,Employed,0.03477401933856571,T2
male,43,Unemployed,Unemployed,0.1758355367650508,T2
male,43,Unemployed,Inactive,0.5474389056938617,T2
male,43,Inactive,Employed,0.08192530545838952,T2
male,43,Inactive,Unemployed,0.3457439965515216,T2
male,43,Inactive,Inactive,0.7497630550754819,T2
male,44,Employed,Employed,0.01864079620859961,T2
male,44,Employed,Unemployed,0.10111330159433479,T2
male,44,Employed,Inactive,0.38941635129569446,T2
male,44,Unemployed,Employed,0.036384157286500664,T2
male,44,Unemployed,Unemployed,0.1827406501155686,T2
male,44,Unemployed,Inactive,0.5590384426084408,T2
male,44,Inactive,Employed,0.08552523546974033,T2
male,44,Inactive,Unemployed,0.35643579567755296,T2
male,44,Inactive,Inactive,0.7584648460685828,T2
male,45,Employed,Employed,0.019589406614472643,T2
male,45,Employed,Unemployed,0.10580635290044066,T2
male,45,Employed,Inactive,0.40151352602486523,T2
male,45,Unemployed,Employed,0.03820056053835638,T2
male,45,Unemployed,Unemployed,0.19041975323180527,T2
male,45,Unemployed,Inactive,0.5714731381049702,T2
male,45,Inactive,Employed,0.08956687669758595,T2
male,45,Inactive,Unemployed,0.3681261354942043,T2
male,45,Inactive,Inactive,0.7676135928776092,T2
male,46,Employed,Employed,0.02065942301733726,T2
male,46,Employed,Unemployed,0.11105229344169677,T2
male,46,Employed,Inactive,0.4146225859089054,T2
male,46,Unemployed,Employed,0.04024542878100395,T2
male,46,Unemployed,Unemployed,0.1989275905578982,T2
male,46,Unemployed,Inactive,0.5847099309592959,T2
male,46,Inactive,Employed,0.0940923785697487,T2
male,46,Inactive,Unemployed,0.38083877718269604,T2
male,46,Inactive,Inactive,0.7771543369962304,T2
male,47,Employed,Employed,0.021864962414985502,T2
male,47,Employed,Unemployed,0.11690289331703595,T2
male,47,Employed,Inactive,0.42875256828413644,T2
male,47,Unemployed,Employed,0.04254422083549364,T2
male,47,Unemployed,Unemployed,0.20832282346846592,T2
male,47,Unemployed,Inactive,0.598707914180846,T2
male,47,Inactive,Employed,0.09914913170527916,T2
male,47,Inactive,Unemployed,0.39459352484345417,T2
male,47,Inactive,Inactive,0.7870283452079189,T2
male,48,Employed,Employed,0.023222312028684546,T2
male,48,Employed,Unemployed,0.12341567050290435,T2
male,48,Employed,Inactive,0.44390570127905427,T2
male,48,Unemployed,Employed,0.04512608779847568,T2
male,48,Unemployed,Unemployed,0.21866757252564448,T2
male,48,Unemployed,Inactive,0.6134176306050381,T2
male,48,Inactive,Employed,0.10479019539560279,T2
male,48,Inactive,Unemployed,0.40940462283947715,T2
male,48,Inactive,Inactive,0.7971735812143784,T2
male,49,Employed,Employed,0.02475025643861533,T2
male,49,Employed,Unemployed,0.13065417969745338,T2
male,49,Employed,Inactive,0.4600756950898607,T2
male,49,Unemployed,Employed,0.048024363998721106,T2
male,49,Unemployed,Unemployed,0.23002673425533676,T2
male,49,Unemployed,Inactive,0.6287805322713164,T2
male,49,Inactive,Employed,0.11107471611202363,T2
male,49,Inactive,Unemployed,0.42527897748270965,T2
male,49,Inactive,Inactive,0.8075253076081498,T2
male,50,Employed,Employed,0.02647045779609372,T2
male,50,Employed,Unemployed,0.1386882225050866,T2
male,50,Employed,Inactive,0.4772459654044852,T2
male,50,Unemployed,Employed,0.051277119684898044,T2
male,50,Unemployed,Unemployed,0.24246701861693493,T2
male,50,Unemployed,Inactive,0.6447286601360989,T2
male,50,Inactive,Employed,0.11806831317277114,T2
male,50,Inactive,Unemployed,0.4422142344280592,T2
male,50,Inactive,Inactive,0.8180168141007842,T2
male,51,Employed,Employed,0.028407896652898605,T2
male,51,Employed,Unemployed,0.1475939353950993,T2
male,51,Employed,Inactive,0.4953878558750928,T2
male,51,Unemployed,Employed,0.05492777808849761,T2
male,51,Unemployed,Unemployed,0.25605564942595366,T2
male,51,Unemployed,Inactive,0.6611846001252774,T2
male,51,Inactive,Employed,0.12584339873470332,T2
male,51,Inactive,Unemployed,0.4601967638158603,T2
male,51,Inactive,Inactive,0.8285802606203637,T2
male,52,Employed,Employed,0.030591381589823503,T2
male,52,Employed,Unemployed,0.15745369969450596,T2
male,52,Employed,Inactive,0.5144589476301559,T2
male,52,Unemployed,Employed,0.059025797328963604,T2
male,52,Unemployed,Unemployed,0.2708586693324926,T2
male,52,Unemployed,Inactive,0.6780617664701084,T2
male,52,Inactive,Employed,0.13447938808912127,T2
male,52,Inactive,Unemployed,0.47919962910211245,T2
male,52,Inactive,Inactive,0.8391476163716071,T2
male,53,Employed,Employed,0.03305413627287158,T2
male,53,Employed,Unemployed,0.16835580400295236,T2
male,53,Employed,Inactive,0.534401564225505,T2
male,53,Unemployed,Employed,0.06362741418190816,T2
male,53,Unemployed,Unemployed,0.2869387954733915,T2
male,53,Unemployed,Inactive,0.6952650529300867,T2
male,53,Inactive,Employed,0.14406274267363156,T2
male,53,Inactive,Unemployed,0.4991806412262576,T2
male,53,Inactive,Inactive,0.8496516687720352,T2
male,54,Employed,Employed,0.035834472656911046,T2
male,54,Employed,Unemployed,0.1803937744204339,T2
male,54,Employed,Inactive,0.555141597493728,T2
male,54,Unemployed,Employed,0.06879644154074582,T2
male,54,Unemployed,Unemployed,0.3043527839355566,T2
male,54,Unemployed,Inactive,0.7126918765636318,T2
male,54,Inactive,Employed,0.15468677231398775,T2
male,54,Inactive,Unemployed,0.5200806249562565,T2
male,54,Inactive,Inactive,0.8600270699568523,T2
male,55,Employed,Employed,0.03897655855898222,T2
male,55,Employed,Unemployed,0.1936652730019291,T2
male,55,Employed,Inactive,0.5765877901734404,T2
male,55,Unemployed,Employed,0.07460510386434266,T2
male,55,Unemployed,Unemployed,0.323148283296512,T2
male,55,Unemployed,Inactive,0.7302336174678008,T2
male,55,Inactive,Employed,0.16645110541122238,T2
male,55,Inactive,Unemployed,0.5418220456178227,T2
male,55,Inactive,Inactive,0.8702113838914549,T2
male,56,Employed,Employed,0.04253128640037547,T2
male,56,Employed,Unemployed,0.20827045184857113,T2
male,56,Employed,Inactive,0.5986316113827101,T2
male,56,Unemployed,Employed,0.08113488427844325,T2
male,56,Unemployed,Unemployed,0.34336019229447556,T2
male,56,Unemployed,Inactive,0.747777432442129,T2
male,56,Inactive,Employed,0.17946071712328734,T2
male,56,Inactive,Unemployed,0.5643081578240865,T2
male,56,Inactive,Inactive,0.880146094568255,T2
male,57,Employed,Employed,0.046557247094471343,T2
male,57,Employed,Unemployed,0.22430964222005892,T2
male,57,Employed,Inactive,0.6211478475603219,T2
male,57,Unemployed,Employed,0.08847734241904183,T2
male,57,Unemployed,Unemployed,0.3650065860565566,T2
male,57,Unemployed,Inactive,0.7652083927100588,T2
male,57,Inactive,Employed,0.19382438798049922,T2
male,57,Inactive,Unemployed,0.5874228387019663,T2
male,57,Inactive,Inactive,0.8897775356622233,T2
male,58,Employed,Employed,0.05112180818325284,T2
male,58,Employed,Unemployed,0.2418802592801348,T2
male,58,Employed,Inactive,0.6439960019898199,T2
male,58,Unemployed,Employed,0.0967348426211828,T2
male,58,Unemployed,Unemployed,0.3880843397726168,T2
male,58,Unemployed,Inactive,0.7824118682227809,T2
male,58,Inactive,Employed,0.20965245196528554,T2
male,58,Inactive,Unemployed,0.6110312521437962,T2
male,58,Inactive,Inactive,0.8990577045310026,T2
male,59,Employed,Employed,0.05630228751989775,T2
male,59,Employed,Unemployed,0.2610728191698486,T2
male,59,Employed,Inactive,0.6670225497537922,T2
male,59,Unemployed,Employed,0.10602110674094688,T2
male,59,Unemployed,Unemployed,0.41256465624905103,T2
male,59,Unemployed,Inactive,0.7992760566819197,T2
male,59,Inactive,Employed,0.22705368856480898,T2
male,59,Inactive,Unemployed,0.6349814546838811,T2
male,59,Inactive,Inactive,0.9079449284755751,T2
male,60,Employed,Employed,0.062187201905269156,T2
male,60,Employed,Unemployed,0.2819660027414601,T2
male,60,Employed,Inactive,0.6900640337363616,T2
male,60,Unemployed,Employed,0.11646147405621947,T2
male,60,Unemployed,Unemployed,0.43838878880990867,T2
male,60,Unemployed,Inactive,0.8156945372987775,T2
male,60,Inactive,Employed,0.24613122409445057,T2
male,60,Inactive,Unemployed,0.659106996879346,T2
male,60,Inactive,Inactive,0.9164043583806504,T2
female,16,Employed,Employed,0.030186950044836434,T2
female,16,Employed,Unemployed,0.15564136783631347,T2
female,16,Employed,Inactive,0.5110297614983209,T2
female,16,Unemployed,Employed,0.05826804535437521,T2
female,16,Unemployed,Unemployed,0.26815646061178233,T2
female,16,Unemployed,Inactive,0.6750582314224625,T2
female,16,Inactive,Employed,0.13288978780125596,T2
female,16,Inactive,Unemployed,0.47577517012455134,T2
female,16,Inactive,Inactive,0.8372862991496812,T2
female,17,Employed,Employed,0.028696045799642043,T2
female,17,Employed,Unemployed,0.14890574037701795,T2
female,17,Employed,Inactive,0.4979849351570326,T2
female,17,Unemployed,Employed,0.05546956821755274,T2
female,17,Unemployed,Unemployed,0.25803963345199,T2
female,17,Unemployed,Inactive,0.6635079820064033,T2
female,17,Inactive,Employed,0.12699068664632082,T2
female,17,Inactive,Unemployed,0.46277854842844796,T2
female,17,Inactive,Inactive,0.8300508005042516,T2
female,18,Employed,Employed,0.027374277478080064,T2
female,18,Employed,Unemployed,0.142861384413192,T2
female,18,Employed,Inactive,0.4858598368859408,T2
female,18,Unemployed,Employed,0.052981853258807964,T2
female,18,Unemployed,Unemployed,0.24886065268128305,T2
female,18,Unemployed,Inactive,0.6525917226649796,T2
female,18,Inactive,Employed,0.12170869162252401,T2
female,18,Inactive,Unemployed,0.4507410032493925,T2
female,18,Inactive,Inactive,0.823096913751727,T2
female,19,Employed,Employed,0.026205272111974875,T2
female,19,Employed,Unemployed,0.13745755350141298,T2
female,19,Employed,Inactive,0.474666685870417,T2
female,19,Unemployed,Employed,0.05077637844156808,T2
female,19,Unemployed,Unemployed,0.24057266915398268,T2
female,19,Unemployed,Inactive,0.6423564751830353,T2
female,19,Inactive,Employed,0.11699576366048511,T2
female,19,Inactive,Unemployed,0.4396650477781592,T2
female,19,Inactive,Inactive,0.8164723244639057,T2
female,20,Employed,Employed,0.025174836178346368,T2
female,20,Employed,Unemployed,0.13264839170897005,T2
female,20,Employed,Inactive,0.46441193214102744,T2
female,20,Unemployed,Employed,0.048828211035353,T2
female,20,Unemployed,Unemployed,0.2331309532666962,T2
female,20,Unemployed,Inactive,0.6328431277474746,T2
female,20,Inactive,Employed,0.1128088604402262,T2
female,20,Inactive,Unemployed,0.42954816985599864,T2
female,20,Inactive,Inactive,0.8102221434477792,T2
female,21,Employed,Employed,0.02427069779064356,T2
female,21,Employed,Unemployed,0.12839278274859398,T2
female,21,Employed,Inactive,0.4550973975513392,T2
female,21,Unemployed,Employed,0.04711563476432284,T2
female,21,Unemployed,Unemployed,0.22649347935968003,T2
female,21,Unemployed,Inactive,0.624086788775493,T2
female,21,Inactive,Employed,0.10910967277777599,T2
female,21,Inactive,Unemployed,0.4203840425274489,T2
female,21,Inactive,Inactive,0.8043885343594356,T2
female,22,Employed,Employed,0.02348228533849217,T2
female,22,Employed,Unemployed,0.12465416237018674,T2
female,22,Employed,Inactive,0.44672134577130307,T2
female,22,Unemployed,Employed,0.045619820935841604,T2
female,22,Unemployed,Unemployed,0.22062135435913013,T2
female,22,Unemployed,Inactive,0.6161172221792397,T2
female,22,Inactive,Employed,0.10586435110618503,T2
female,22,Inactive,Unemployed,0.41216362714504373,T2
female,22,Inactive,Inactive,0.7990104140490699,T2
female,23,Employed,Employed,0.022800538285082807,T2
female,23,Employed,Unemployed,0.12140031244252501,T2
female,23,Employed,Inactive,0.43927946242921284,T2
female,23,Unemployed,Employed,0.0443245408168137,T2
female,23,Unemployed,Unemployed,0.2154791214687006,T2
female,23,Unemployed,Inactive,0.6089593331175611,T2
female,23,Inactive,Employed,0.10304323513868888,T2
female,23,Inactive,Unemployed,0.4048761584548205,T2
female,23,Inactive,Inactive,0.7941232210016379,T2
female,24,Employed,Employed,0.022217746353323513,T2
female,24,Employed,Unemployed,0.11860315071048104,T2
female,24,Employed,Inactive,0.43276573416190256,T2
female,24,Unemployed,Employed,0.0432159163292705,T2
female,24,Unemployed,Unemployed,0.21103496611384953,T2
female,24,Unemployed,Inactive,0.6026336762615749,T2
female,24,Inactive,Employed,0.10062059614587454,T2
female,24,Inactive,Unemployed,0.39851000813608994,T2
female,24,Inactive,Inactive,0.7897587449406488,T2
female,25,Employed,Employed,0.02172741383186671,T2
female,25,Employed,Unemployed,0.11623852666118348,T2
female,25,Employed,Inactive,0.42717322132264496,T2
female,25,Unemployed,Employed,0.04228220615024036,T2
female,25,Unemployed,Unemployed,0.2072608475629431,T2
female,25,Unemployed,Inactive,0.5971569621574508,T2
female,25,Inactive,Employed,0.09857439847789991,T2
female,25,Inactive,Unemployed,0.3930534283951675,T2
female,25,Inactive,Inactive,0.7859450090597334,T2
female,26,Employed,Employed,0.021324146201389203,T2
female,26,Employed,Unemployed,0.11428603114831405,T2
female,26,Employed,Inactive,0.42249472351665746,T2
female,26,Unemployed,Employed,0.041513624454851177,T2
female,26,Unemployed,Unemployed,0.20413257595992876,T2
female,26,Unemployed,Inactive,0.5925425410394138,T2
female,26,Inactive,Employed,0.09688608486079005,T2
female,26,Inactive,Unemployed,0.388495180641222,T2
female,26,Inactive,Inactive,0.7827061954302852,T2
female,27,Employed,Employed,0.021003556716684964,T2
female,27,Employed,Unemployed,0.11272882528012033,T2
female,27,Employed,Inactive,0.4187233401402775,T2
female,27,Unemployed,Employed,0.040902189786401984,T2
female,27,Unemployed,Unemployed,0.201629851061111,T2
female,27,Unemployed,Inactive,0.5888008471488071,T2
female,27,Inactive,Employed,0.09554038845382122,T2
female,27,Inactive,Unemployed,0.38482505626816105,T2
female,27,Inactive,Inactive,0.7800626038588618,T2
female,28,Employed,Employed,0.020762190981372736,T2
female,28,Employed,Unemployed,0.11155349245507863,T2
female,28,Employed,Inactive,0.415852929891629,T2
female,28,Unemployed,Employed,0.04044160183830686,T2
female,28,Unemployed,Unemployed,0.19973627584940618,T2
female,28,Unemployed,Inactive,0.5859397900596557,T2
female,28,Inactive,Employed,0.09452517355394062,T2
female,28,Inactive,Unemployed,0.38203429740091527,T2
female,28,Inactive,Inactive,0.7780306347651934,T2
female,29,Employed,Employed,0.020597467921742635,T2
female,29,Employed,Unemployed,0.11074991622339667,T2
female,29,Employed,Inactive,0.4138784740117929,T2
female,29,Unemployed,Employed,0.0401271442669773,T2
female,29,Unemployed,Unemployed,0.19843935542346583,T2
female,29,Unemployed,Inactive,0.5839650825872338,T2
female,29,Inactive,Employed,0.09383130607323213,T2
female,29,Inactive,Unemployed,0.3801159253910427,T2
female,29,Inactive,Inactive,0.7766227874363199,T2
female,30,Employed,Employed,0.020507635908299994,T2
female,30,Employed,Unemployed,0.11031118577023562,T2
female,30,Employed,Inactive,0.41279634801382964,T2
female,30,Unemployed,Employed,0.0399556120066052,T2
female,30,Unemployed,Unemployed,0.1977304891083784,T2
female,30,Unemployed,Inactive,0.5828804975226919,T2
female,30,Inactive,Employed,0.09345255441409663,T2
female,30,Inactive,Unemployed,0.37906498408797373,T2
female,30,Inactive,Inactive,0.7758476661952277,T2
female,31,Employed,Employed,0.02049174309259573,T2
female,31,Employed,Unemployed,0.1102335301779895,T2
female,31,Employed,Inactive,0.41260450605302995,T2
female,31,Unemployed,Employed,0.03992526191702308,T2
female,31,Unemployed,Unemployed,0.19760496156696408,T2
female,31,Unemployed,Inactive,0.5826880477086622,T2
female,31,Inactive,Employed,0.09338552105620379,T2
female,31,Inactive,Unemployed,0.378878703656035,T2
female,31,Inactive,Inactive,0.7757099885153119,T2
female,32,Employed,Employed,0.020549621328131276,T2
female,32,Employed,Unemployed,0.11051628216156231,T2
female,32,Employed,Inactive,0.4133025810548705,T2
female,32,Unemployed,Employed,0.040035785959047554,T2
female,32,Unemployed,Unemployed,0.19806193674861183,T2
female,32,Unemployed,Inactive,0.5833880859051666,T2
female,32,Inactive,Employed,0.09362960499328199,T2
female,32,Inactive,Unemployed,0.37955658910758805,T2
female,32,Inactive,Inactive,0.7762105908322636,T2
female,33,Employed,Employed,0.020681883332928162,T2
female,33,Employed,Unemployed,0.11116187162235329,T2
female,33,Employed,Inactive,0.41489190239649115,T2
female,33,Unemployed,Employed,0.040288306455454746,T2
female,33,Unemployed,Unemployed,0.1991044567300648,T2
female,33,Unemployed,Inactive,0.5849793225795726,T2
female,33,Inactive,Employed,0.09418699506917198,T2
female,33,Inactive,Unemployed,0.3811004359048622,T2
female,33,Inactive,Inactive,0.7773464296763074,T2
female,34,Employed,Employed,0.020889933033320682,T2
female,34,Employed,Unemployed,0.11217584907971175,T2
female,34,Employed,Inactive,0.41737543146646255,T2
female,34,Unemployed,Employed,0.04068539335923862,T2
female,34,Unemployed,Unemployed,0.20073944580875505,T2
female,34,Unemployed,Inactive,0.5874587612957483,T2
female,34,Inactive,Employed,0.09506269421999697,T2
female,34,Inactive,Unemployed,0.3835142730523927,T2
female,34,Inactive,Inactive,0.7791105776998123,T2
female,35,Employed,Employed,0.021175989309285,T2
female,35,Employed,Unemployed,0.11356693876239526,T2
female,35,Employed,Inactive,0.4207576139303077,T2
female,35,Unemployed,Employed,0.041231103814226816,T2
female,35,Unemployed,Unemployed,0.20297771853130683,T2
female,35,Unemployed,Inactive,0.5908215528931885,T2
female,35,Inactive,Employed,0.0962645745947605,T2
female,35,Inactive,Unemployed,0.38680423215178295,T2
female,35,Inactive,Inactive,0.781492216141544,T2
female,36,Employed,Employed,0.02154312364678629,T2
female,36,Employed,Unemployed,0.11534712082711275,T2
female,36,Employed,Inactive,0.42504414612807784,T2
female,36,Unemployed,Employed,0.04193104465678782,T2
female,36,Unemployed,Unemployed,0.2058339886043985,T2
female,36,Unemployed,Inactive,0.595060771255716,T2
female,36,Inactive,Employed,0.09780346346271829,T2
female,36,Inactive,Unemployed,0.39097833901207824,T2
female,36,Inactive,Inactive,0.7844766271833221,T2
female,37,Employed,Employed,0.021995312497802573,T2
female,37,Employed,Unemployed,0.11753174176443298,T2
female,37,Employed,Inactive,0.4302416518537893,T2
female,37,Unemployed,Employed,0.04279245887099807,T2
female,37,Unemployed,Unemployed,0.2093268737703507,T2
female,37,Unemployed,Inactive,0.6001671152838762,T2
female,37,Inactive,Employed,0.09969325968292934,T2
female,37,Inactive,Unemployed,0.39604622270124495,T2
female,37,Inactive,Inactive,0.7880451914492302,T2
female,38,Employed,Employed,0.02253750545937186,T2
female,38,Employed,Unemployed,0.12013965149717415,T2
female,38,Employed,Inactive,0.43635726495635035,T2
female,38,Unemployed,Employed,0.04382433737161114,T2
female,38,Unemployed,Unemployed,0.21347888966706696,T2
female,38,Unemployed,Inactive,0.6061285438024423,T2
female,38,Inactive,Employed,0.10195108026512502,T2
female,38,Inactive,Unemployed,0.40201873550282236,T2
female,38,Inactive,Inactive,0.7921753974982714,T2
female,39,Employed,Employed,0.023175710714514883,T2
female,39,Employed,Unemployed,0.12319336490826903,T2
female,39,Employed,Inactive,0.4433981129180696,T2
female,39,Unemployed,Employed,0.04503755784553432,T2
female,39,Unemployed,Unemployed,0.21831642336954435,T2
female,39,Unemployed,Inactive,0.6129298526262098,T2
female,39,Inactive,Employed,0.10459743613950633,T2
female,39,Inactive,Unemployed,0.4089074762477012,T2
female,39,Inactive,Inactive,0.7968408714884839,T2
female,40,Employed,Employed,0.023917099535138066,T2
female,40,Employed,Unemployed,0.12671924447938113,T2
female,40,Employed,Inactive,0.4513706969915035,T2
female,40,Unemployed,Employed,0.04644505272581122,T2
female,40,Unemployed,Unemployed,0.22386967467834076,T2
female,40,Unemployed,Inactive,0.620552205908187,T2
female,40,Inactive,Employed,0.10765643561384729,T2
female,40,Inactive,Unemployed,0.4167242090968198,T2
female,40,Inactive,Inactive,0.8020114361579066,T2
female,41,Employed,Employed,0.024770132034277158,T2
female,41,Employed,Unemployed,0.13074769929145266,T2
female,41,Employed,Inactive,0.4602801658095016,T2
female,41,Unemployed,Employed,0.04806200868983692,T2
female,41,Unemployed,Unemployed,0.23017255024932853,T2
female,41,Unemployed,Inactive,0.6289726371891359,T2
female,41,Inactive,Employed,0.11115601305349078,T2
female,41,Inactive,Unemployed,0.42548017026404816,T2
female,41,Inactive,Inactive,0.8076532087859746,T2
female,42,Employed,Employed,0.025744706775413222,T2
female,42,Employed,Unemployed,0.13531339373369056,T2
female,42,Employed,Inactive,0.47012948183989045,T2
female,42,Unemployed,Employed,0.04990610034613235,T2
female,42,Unemployed,Unemployed,0.23726249235053523,T2
female,42,Unemployed,Inactive,0.6381635391774012,T2
female,42,Inactive,Employed,0.11512817898139391,T2
female,42,Inactive,Unemployed,0.4351852566308864,T2
female,42,Inactive,Inactive,0.8137287477805096,T2
female,43,Employed,Employed,0.026852337301335932,T2
female,43,Employed,Unemployed,0.14045545677474527,T2
female,43,Employed,Inactive,0.48091848384434865,T2
female,43,Unemployed,Employed,0.051997760972195516,T2
female,43,Unemployed,Unemployed,0.2451802204353212,T2
female,43,Unemployed,Inactive,0.6480921650578371,T2
female,43,Inactive,Employed,0.1196092859507158,T2
female,43,Inactive,Unemployed,0.4458470929816839,T2
female,43,Inactive,Inactive,0.820197256903093,T2
female,44,Employed,Employed,0.02810635913247537,T2
female,44,Employed,Unemployed,0.14621767944471928,T2
female,44,Employed,Inactive,0.49264285379958245,T2
female,44,Unemployed,Employed,0.054360493247248905,T2
female,44,Unemployed,Unemployed,0.2539693599550753,T2
female,44,Unemployed,Inactive,0.6587201678171969,T2
female,44,Inactive,Employed,0.12464030206118541,T2
female,44,Inactive,Unemployed,0.4574699789515136,T2
female,44,Inactive,Inactive,0.8270148548421623,T2
female,45,Employed,Employed,0.0295221712986348,T2
female,45,Employed,Unemployed,0.15264868413037594,T2
female,45,Employed,Inactive,0.5052930036591924,T2
female,45,Unemployed,Employed,0.05702122282795023,T2
female,45,Unemployed,Unemployed,0.26367592911355975,T2
female,45,Unemployed,Inactive,0.670003207350131,T2
female,45,Inactive,Employed,0.13026708072341064,T2
female,45,Inactive,Unemployed,0.47005372297405557,T2
female,45,Inactive,Inactive,0.8341349158435446,T2
female,46,Employed,Employed,0.03111751699579915,T2
female,46,Employed,Unemployed,0.15980204427730552,T2
female,46,Employed,Inactive,0.5188529058708802,T2
female,46,Unemployed,Employed,0.06001069725876273,T2
female,46,Unemployed,Unemployed,0.27434765093133445,T2
female,46,Unemployed,Inactive,0.6818906575621866,T2
female,46,Inactive,Employed,0.1365406110586742,T2
female,46,Inactive,Unemployed,0.4835923787158903,T2
female,46,Inactive,Inactive,0.8415084844309138,T2
female,47,Employed,Employed,0.03291280847850212,T2
female,47,Employed,Unemployed,0.16773632702862956,T2
female,47,Employed,Inactive,0.5332989015343879,T2
female,47,Unemployed,Employed,0.06336393197763068,T2
female,47,Unemployed,Unemployed,0.2860330555469219,T2
female,47,Unemployed,Inactive,0.6943254468399923,T2
female,47,Inactive,Employed,0.14351722798763406,T2
female,47,Inactive,Unemployed,0.49807290972172896,T2
female,47,Inactive,Inactive,0.8490847639662372,T2
female,48,Employed,Employed,0.03493150177123835,T2
female,48,Employed,Unemployed,0.1765150241769713,T2
female,48,Employed,Inactive,0.5485985310707973,T2
female,48,Unemployed,Employed,0.06712070391875324,T2
female,48,Unemployed,Unemployed,0.2987803368304811,T2
female,48,Unemployed,Inactive,0.707244064616865,T2
female,48,Inactive,Employed,0.15125875445646628,T2
female,48,Inactive,Unemployed,0.5134738200933538,T2
female,48,Inactive,Inactive,0.8568116750452814,T2
female,49,Employed,Employed,0.03720052715251508,T2
female,49,Employed,Unemployed,0.18620632863926223,T2
female,49,Employed,Inactive,0.5647094435588353,T2
female,49,Unemployed,Employed,0.07132609122550707,T2
female,49,Unemployed,Unemployed,0.31263592904044696,T2
female,49,Unemployed,Inactive,0.7205767638600943,T2
female,49,Inactive,Employed,0.1598325402667296,T2
female,49,Inactive,Unemployed,0.529763802505721,T2
female,49,Inactive,Inactive,0.8646364756892533,T2
female,50,Employed,Employed,0.03975078154688973,T2
female,50,Employed,Unemployed,0.19688270473083147,T2
female,50,Employed,Inactive,0.5815784514342838,T2
female,50,Unemployed,Employed,0.07603105460618664,T2
female,50,Unemployed,Unemployed,0.3276427745415766,T2
female,50,Unemployed,Inactive,0.7342479837845455,T2
female,50,Inactive,Employed,0.1693113526052397,T2
female,50,Inactive,Unemployed,0.5469004688716438,T2
female,50,Inactive,Inactive,0.8725064312285302,T2
female,51,Employed,Employed,0.042617688829042995,T2
female,51,Employed,Unemployed,0.20862019132630497,T2
female,51,Employed,Inactive,0.5991408056765953,T2
female,51,Unemployed,Employed,0.08129305156153678,T2
female,51,Unemployed,Unemployed,0.3438382638196231,T2
female,51,Unemployed,Inactive,0.74817700878252,T2
female,51,Inactive,Employed,0.17977306277135194,T2
female,51,Inactive,Unemployed,0.5648292422166403,T2
female,51,Inactive,Inactive,0.8803695179656197,T2
female,52,Employed,Employed,0.045841833421470274,T2
female,52,Employed,Unemployed,0.2214973684307907,T2
female,52,Employed,Inactive,0.6173197712987687,T2
female,52,Unemployed,Employed,0.08717666867697166,T2
female,52,Unemployed,Unemployed,0.36125184552554623,T2
female,52,Unemployed,Inactive,0.7622788685439691,T2
female,52,Inactive,Employed,0.19130006220041496,T2
female,52,Inactive,Unemployed,0.5834824991027826,T2
female,52,Inactive,Inactive,0.8881751414563249,T2
female,53,Employed,Employed,0.049469671204121324,T2
female,53,Employed,Unemployed,0.23559391111902425,T2
female,53,Employed,Inactive,0.6360265821803869,T2
female,53,Unemployed,Employed,0.09375424891699523,T2
female,53,Unemployed,Unemployed,0.3799023282681246,T2
female,53,Unemployed,Inactive,0.7764654710436614,T2
female,53,Inactive,Employed,0.20397832951491707,T2
female,53,Inactive,Unemployed,0.6027790581818502,T2
female,53,Inactive,Inactive,0.8958748478531621,T2
female,54,Employed,Employed,0.05355431930692108,T2
female,54,Employed,Unemployed,0.250988652216705,T2
female,54,Employed,Inactive,0.6551608464327449,T2
female,54,Unemployed,Employed,0.10110647983325093,T2
female,54,Unemployed,Unemployed,0.3997949280992723,T2
female,54,Unemployed,Inactive,0.7906469452673759,T2
female,54,Inactive,Employed,0.21789606039049472,T2
female,54,Inactive,Unemployed,0.6226241099424348,T2
female,54,Inactive,Inactive,0.9034230054623839,T2
female,55,Employed,Employed,0.0581564223614472,T2
female,55,Employed,Unemployed,0.2677570791712073,T2
female,55,Employed,Inactive,0.6746114573861521,T2
female,55,Unemployed,Employed,0.10932289422276732,T2
female,55,Unemployed,Unemployed,0.4209181559726043,T2
female,55,Unemployed,Inactive,0.8047331553447178,T2
female,55,Inactive,Employed,0.23314176562378755,T2
female,55,Inactive,Unemployed,0.6429096733710963,T2
female,55,Inactive,Inactive,0.9107774336504826,T2
female,56,Employed,Employed,0.06334508663511268,T2
female,56,Employed,Unemployed,0.2859682046365451,T2
female,56,Employed,Inactive,0.6942580405495343,T2
female,56,Unemployed,Employed,0.11850221652232398,T2
female,56,Unemployed,Unemployed,0.44324068638788233,T2
female,56,Unemployed,Inactive,0.8186353335090183,T2
female,56,Inactive,Employed,0.24980174292976814,T2
female,56,Inactive,Unemployed,0.6635156455630714,T2
female,56,Inactive,Inactive,0.9178999575736266,T2
female,57,Employed,Employed,0.06919886437496331,T2
female,57,Employed,Unemployed,0.30568077821120127,T2
female,57,Employed,Inactive,0.7139729342167669,T2
female,57,Unemployed,Employed,0.12875246576119478,T2
female,57,Unemployed,Unemployed,0.46670839855234514,T2
female,57,Unemployed,Inactive,0.8322677674812087,T2
female,57,Inactive,Employed,0.2679568386085361,T2
female,57,Inactive,Unemployed,0.684311479805551,T2
female,57,Inactive,Inactive,0.9247568698560965,T2
female,58,Employed,Employed,0.07580675767358072,T2
female,58,Employed,Unemployed,0.3269388523644757,T2
female,58,Employed,Inactive,0.7336236627940154,T2
female,58,Unemployed,Employed,0.14019069929632666,T2
female,58,Unemployed,Unemployed,0.4912418290237394,T2
female,58,Unemployed,Inactive,0.8455494698638824,T2
female,58,Inactive,Employed,0.28767844104535073,T2
female,58,Inactive,Unemployed,0.705158487275859,T2
female,58,Inactive,Inactive,0.9313192841573619,T2
female,59,Employed,Employed,0.0832691930803239,T2
female,59,Employed,Unemployed,0.3497667818885927,T2
female,59,Employed,Inactive,0.7530758207218293,T2
female,59,Unemployed,Employed,0.1529422516568509,T2
female,59,Unemployed,Unemployed,0.5167343119961241,T2
female,59,Unemployed,Inactive,0.8584057540427905,T2
female,59,Inactive,Employed,0.3090236941499962,T2
female,59,Inactive,Unemployed,0.7259127099216127,T2
female,59,Inactive,Inactive,0.9375633702839223,T2
female,60,Employed,Employed,0.09169889373791504,T2
female,60,Employed,Unemployed,0.37416382414154836,T2
female,60,Employed,Inactive,0.7721962454442229,T2
female,60,Unemployed,Employed,0.16713929169975525,T2
female,60,Unemployed,Unemployed,0.5430511004685897,T2
female,60,Unemployed,Inactive,0.8707696435689111,T2
female,60,Inactive,Employed,0.33202998987188886,T2
female,60,Inactive,Unemployed,0.7464282616947034,T2
female,60,Inactive,Inactive,0.9434704657843851,T2
